ID,Nom_Produit,Marque,Code_Barres,Categorie,Energie_kJ,Energie_kcal,Acides_Gras_Satures_g,Sucres_g,Sodium_mg,Sel_g,Proteines_g,Fibres_g,Fruits_Legumes_Pct,Score_Nutriscore,Label_Nutriscore,Score_Greenscore,Label_Greenscore,Label_Bio,Nombre_Additifs,Liste_Additifs,URL_OpenFoodFacts,Date_Collecte,Notes,Classe_ELECTRE_Pessimiste_06,Classe_ELECTRE_Optimiste_06,Classe_ELECTRE_Pessimiste_07,Classe_ELECTRE_Optimiste_07,Classe_SuperNutriScore
1,Sidi Ali,Sidi Ali,6111035000430,Eau,2.0,0.0,0.0,1.4,0.0,0.0,0.0,0.0,0,1,A,,NOT-APPLICABLE,NON,0,,https://world.openfoodfacts.org/product/6111035000430/sidi-ali,2025-10-17,,,,,,
2,اكوافينا,AQUAFINA,6111252421568,Eau,0.0,0.0,0.0,0.0,0.2,0.001,0.0,0.0,0,0,A,,NOT-APPLICABLE,NON,0,,https://world.openfoodfacts.org/product/6111252421568/coca-cola-aquafina,2025-10-17,,,,,,
3,Eau De Source,Cristaline,3274080005003,Eau,0.0,0.0,0.0,0.0,21.0,0.052,0.0,0.0,0,0,A,,NOT-APPLICABLE,NON,0,,https://world.openfoodfacts.org/product/3274080005003/eau-de-source-cristaline,2025-10-17,,,,,,
4,Ain Saïss,Danone,6111128000071,Eau,0.0,0.0,0.0,0.0,0.0,0.0,0.0,0.0,0,0,A,,NOT-APPLICABLE,NON,0,,https://world.openfoodfacts.org/product/6111128000071/ain-saiss-danone,2025-10-17,,,,,,
5,Eau minéral naturelle,Ain atlas,6111035502828,Eau,0.0,0.0,0.0,0.0,0.0,0.0,0.0,0.0,0,0,A,,NOT-APPLICABLE,NON,0,,https://world.openfoodfacts.org/product/6111035502828/eau-mineral-naturelle-ain-atlas,2025-10-17,,,,,,
6,Orange juice,Coca cola,5449000147417,Autre boisson,165.0,39.0,0.0,17.0,50.4,0.126,0.0,5.0,0,15,E,51.0,C,NON,7,"e160a, e300, e414, e440, e445, e950, e954",https://world.openfoodfacts.org/product/5449000147417/orange-juice-coca-cola,2025-10-17,,,,,,
7,"coca cola 0,5",Coca-Cola,54491472,Soda,180.0,42.0,0.0,10.6,0.0,0.0,0.0,0.0,0,12,E,,NOT-APPLICABLE,NON,3,"e150d, e290, e338",https://world.openfoodfacts.org/product/54491472/coca-cola-0-5,2025-10-17,,,,,,
8,Ciel,THE COCA-COLA COMPANY,5449000061515,Eau,0.0,0.0,0.0,0.0,20.0,0.05,0.0,0.0,0,0,B,,NOT-APPLICABLE,NON,0,,https://world.openfoodfacts.org/product/5449000061515/ciel-the-coca-cola-company,2025-10-17,,,,,,
9,Geröstete Mandel Ohne Zucker,alpro,5411188112709,Autre boisson,61.0,15.0,0.1,0.0,60.0,0.15,0.5,0.3,0,1,B,69.0,B,NON,3,"e322, e412, e418",https://world.openfoodfacts.org/product/5411188112709/nutty-almond-alpro,2025-10-17,,,,,,
10,Aïn Atlas 50cl,Aïn Atlas,6111035001673,Eau,0.0,0.0,0.0,0.0,9.6,0.024,0.0,0.0,0,0,A,,NOT-APPLICABLE,NON,0,,https://world.openfoodfacts.org/product/6111035001673/ain-atlas-50cl,2025-10-17,,,,,,
11,Green Tea,green tea,6923818812082,Thé,200.0,0.5,0.5,0.2,40.0,0.1,0.5,0.2,0,3,C,80.0,A,NON,0,,https://world.openfoodfacts.org/product/6923818812082/pe20-12-20-24-e-20-12-2-029-green-tea,2025-10-17,,,,,,
12,RICORE Original,"Nestlé, Ricore",3033710073467,Café,577.0,141.0,0.1,9.1,92.0,0.23,2.7,45.3,0,0,B,-5.0,F,NON,0,,https://world.openfoodfacts.org/product/3033710073467/ricore-original-nestle,2025-10-17,,,,,,
13,Pulco Citron,"Orangina Schweppes France,Pulco,Schweppes International Limited",3225350000501,Autre boisson,99.0,11.5,0.0,0.4,4.0,0.01,0.1,5.0,0,0,B,112.0,A-PLUS,OUI,1,e330,https://world.openfoodfacts.org/product/3225350000501/pulco-lemon-orangina-schweppes-france,2025-10-17,,,,,,
14,Nesquik,Nestlé,7613039490266,Soda,1634.0,386.0,1.6,75.1,164.0,0.41,5.1,7.7,0,9,D,49.0,C,NON,2,"e322, e322i",https://world.openfoodfacts.org/product/7613039490266/nesquik-nestle,2025-10-17,,,,,,
15,Ricoré original,Nestlé,7613035676497,Café,577.0,141.0,0.1,9.1,92.0,0.23,2.7,45.3,0,0,B,-9.0,F,NON,0,,https://world.openfoodfacts.org/product/7613035676497/ricore-original-cafe-chicoree-boite-260g-nestle,2025-10-17,,,,,,
16,Mandelmilch mit Zucker,alpro,5411188110835,Boisson lactée,93.0,22.0,0.1,2.4,56.0,0.14,0.4,0.4,0,4,C,89.0,A,OUI,2,"e322, e418",https://world.openfoodfacts.org/product/5411188110835/mediterranean-nutty-almond-alpro,2025-10-17,,,,,,
17,BjORG AMANDE ALMOND SANS SUGRES- NO SUGAR,Bjorg,3229820787015,Boisson lactée,102.0,25.0,0.2,0.5,20.0,0.05,0.7,0.5,0,2,B,79.0,A,OUI,2,"e412, e415",https://world.openfoodfacts.org/product/3229820787015/amande-sans-sucres-bjorg,2025-10-17,,,,,,
18,Haferdrink Barista,Oatly,7394376616501,Autre boisson,257.0,61.0,0.3,3.4,40.0,0.1,1.1,0.8,0,7,D,63.0,B,NON,2,"e340, e340ii",https://world.openfoodfacts.org/product/7394376616501/barista-edition-hafer-oat-oatly,2025-10-17,,,,,,
19,Eau minérale naturelle,Evian,3068320120256,Eau,0.0,0.0,0.0,0.0,0.7,0.002,0.0,0.0,0,0,A,,NOT-APPLICABLE,NON,0,,https://world.openfoodfacts.org/product/3068320120256/natuurlijk-mineraalwater-evian,2025-10-17,,,,,,
20,PET 2L OASIS TROPICAL,"Oasis,Orangina Schweppes France",3124480191182,Eau,120.0,28.0,0.0,6.6,12.0,0.03,0.1,0.0,0,7,D,48.0,C,NON,5,"e160c, e296, e300, e330, e331",https://world.openfoodfacts.org/product/3124480191182/pet-2l-oasis-tropical,2025-10-17,,,,,,
21,"Chicorée & Café, RICORÉ® L'Original, Boîte de 260g","Nestlé, Ricoré",7613032655495,Café,577.0,141.0,0.1,9.1,92.0,0.23,2.7,45.3,0,0,B,-20.0,F,NON,0,,https://world.openfoodfacts.org/product/7613032655495/chicoree-cafe-ricore-l-original-boite-de-260g-nestle,2025-10-17,,,,,,
22,Le Choco,"Nestlé, Le chocolat",3033710065783,Soda,1678.0,398.0,4.2,65.8,48.0,0.12,6.8,9.1,0,9,D,34.0,D,NON,2,"e322, e322i",https://world.openfoodfacts.org/product/3033710065783/le-choco-nestle,2025-10-17,,,,,,
23,NESQUIK Cacao,"Nestlé, Nesquik",3033710065967,Soda,1634.0,386.0,1.6,75.1,164.0,0.41,5.1,7.7,0,9,D,51.0,C,NON,2,"e322, e322i",https://world.openfoodfacts.org/product/3033710065967/nesquik-cacao-nestle,2025-10-17,,,,,,
24,Nesquik,"Nestlé,Nesquik",8445290133403,Soda,1634.0,386.0,1.6,75.1,164.0,0.41,5.1,7.7,0,9,D,55.0,C,NON,2,"e322, e322i",https://world.openfoodfacts.org/product/8445290133403/nesquik-nestle,2025-10-17,,,,,,
25,Coca-Cola slim 25cl,Coca-Cola,5449000008046,Soda,70.4,42.0,0.0,10.6,8.3,0.021,0.0,0.0,0,10,E,,NOT-APPLICABLE,NON,3,"e150d, e290, e338",https://world.openfoodfacts.org/product/5449000008046/coca-cola-slim-25cl,2025-10-17,,,,,,
26,Badoit 1 L PET,BADOIT,3068320114453,Eau,0.0,0.0,0.0,0.0,0.0,0.0,0.0,0.0,0,0,A,,NOT-APPLICABLE,NON,0,,https://world.openfoodfacts.org/product/3068320114453/badoit-1-l-pet,2025-10-17,,,,,,
27,Raibi jamila,central,6111032009870,Boisson lactée,245.0,58.6,0.9,7.0,0.0,0.0,1.6,0.0,0,8,D,37.0,D,NON,0,,https://world.openfoodfacts.org/product/6111032009870/raibi-jamila-central,2025-10-17,,,,,,
28,Red Bull,Red Bull,9002490100070,Soda,195.0,46.6,0.0,11.0,40.0,0.1,0.0,0.0,0,12,E,,NOT-APPLICABLE,NON,6,"e101, e150, e290, e330, e500, e504",https://world.openfoodfacts.org/product/9002490100070/red-bull-energy-drink,2025-10-17,,,,,,
29,Jutos,Jaouda,6111242106666,Jus de fruits,66.8,42.2,0.0,8.0,20.0,0.05,0.0,0.0,0,7,D,21.0,E,NON,1,e330,https://world.openfoodfacts.org/product/6111242106666/jutos-jaouda,2025-10-17,,,,,,
30,"Alpro Haferdrink, Ungesüßt 1 L, FRESH",alpro,5411188124702,Autre boisson,169.0,40.0,0.2,0.0,44.0,0.11,0.2,1.2,0,3,C,65.0,B,NON,1,e418,https://world.openfoodfacts.org/product/5411188124702/oat-drink-with-added-calcium-iodine-and-vitamins-alpro,2025-10-17,,,,,,
31,Organic oat drink,Oatly,7394376123337,Boisson lactée,166.0,39.0,0.1,3.4,0.1,0.0,1.1,0.8,0,5,C,77.0,A,OUI,0,,https://world.openfoodfacts.org/product/7394376123337/organic-oat-drink-oatly,2025-10-17,,,,,,
32,COCA COLA PET 1.25L CT,Coca-Cola,5449000267412,Soda,180.0,42.0,0.0,10.6,0.0,0.0,0.0,0.0,0,12,E,,NOT-APPLICABLE,NON,2,"e150d, e338",https://world.openfoodfacts.org/product/5449000267412/coca-cola-pet-1-25l-ct,2025-10-17,,,,,,
33,Soyamilch,ALPRO,5411188115472,Boisson lactée,163.0,39.0,0.3,2.5,36.0,0.09,3.0,0.5,0,-1,B,86.0,A,NON,2,"e340, e418",https://world.openfoodfacts.org/product/5411188115472/soya-drink-1-0-liter-alpro,2025-10-17,,,,,,
34,Multivitamin Capri-Sun,Capri-Sun,4000177158319,Autre boisson,130.0,31.0,0.0,7.3,0.0,0.0,0.0,0.0,0,8,D,49.0,C,NON,0,,https://world.openfoodfacts.org/product/4000177158319/multivitamin-capri-sun,2025-10-17,,,,,,
35,CONTREX eau minérale naturelle,Contrex,7613035866386,Eau,0.0,0.0,0.0,0.0,0.0,0.0,0.0,0.0,0,0,A,,NOT-APPLICABLE,NON,0,,https://world.openfoodfacts.org/product/7613035866386/contrex-eau-minerale-naturelle,2025-10-17,,,,,,
36,Avoine - Boisson biologique,Bjorg,3229820792132,Boisson lactée,187.0,45.0,0.3,4.0,36.0,0.09,0.5,0.5,0,6,C,82.0,A,OUI,0,,https://world.openfoodfacts.org/product/3229820792132/avoine-boisson-biologique-bjorg,2025-10-17,,,,,,
37,Délicieuse & Tropical Coco,alpro,5411188116592,Autre boisson,85.0,20.0,0.8,1.9,52.0,0.13,0.1,0.1,0,2,B,,UNKNOWN,NON,3,"e412, e415, e418",https://world.openfoodfacts.org/product/5411188116592/tempting-and-tropical-coconut-alpro,2025-10-17,,,,,,
38,Pétillante saveur Citron,"Lidl, Saguaro",20656935,Eau,1.0,0.0,0.0,0.0,4.0,0.01,0.0,0.0,0,0,B,,NOT-APPLICABLE,NON,0,,https://world.openfoodfacts.org/product/20656935/petillante-saveur-citron-lidl,2025-10-17,,,,,,
39,Lait de coco,Kara,8886303210238,Boisson lactée,749.0,182.0,17.0,2.2,12.0,0.03,2.0,0.5,0,15,E,72.0,B,NON,2,"e412, e415",https://world.openfoodfacts.org/product/8886303210238/uht-coconut-milk-17-kara,2025-10-17,,,,,,
40,Benco Original,Benco,3034470003107,Soda,761.0,180.0,0.67,37.1,41.9,0.105,2.29,3.19,0,12,E,37.0,D,NON,0,,https://world.openfoodfacts.org/product/3034470003107/benco-original,2025-10-17,,,,,,
41,Succo di limone,"Solevita, Italiamo",20019907,Autre boisson,117.0,28.0,0.1,2.2,4.0,0.01,0.4,0.0,0,-2,B,32.0,D,NON,2,"e224, e300",https://world.openfoodfacts.org/product/20019907/suco-de-limao-citroensap-jus-de-citron-solevita,2025-10-17,,,,,,
42,Danup fraise,Danone,6111032004448,Boisson lactée,59.0,246.0,1.06,5.5,0.0,0.0,1.75,0.0,0,4,C,23.0,E,NON,0,,https://world.openfoodfacts.org/product/6111032004448/danup-fraise-danone,2025-10-17,,,,,,
43,chocolat en poudre,Poulain,3664346306027,Soda,297.0,71.0,1.2,8.1,44.0,0.11,4.0,1.2,0,11,E,37.0,D,NON,0,,https://world.openfoodfacts.org/product/3664346306027/chocolat-en-poudre-poulain,2025-10-17,,,,,,
44,Bebida de Avena,Alitey,8423352861402,Autre boisson,198.0,47.0,0.1,5.4,12.0,0.03,1.6,0.7,0,1,B,63.0,B,NON,0,,https://world.openfoodfacts.org/product/8423352861402/bebida-de-avena-alitey,2025-10-17,,,,,,
45,"Alpro® Mandeldrink Ungesüßt, 1 L, FRESH",Alpro,5411188112778,Autre boisson,53.0,13.0,0.1,0.0,52.0,0.13,0.4,0.4,0,1,B,78.0,A,NON,1,e418,https://world.openfoodfacts.org/product/5411188112778/alpro-mandeldrink-ungesusst-1-l-fresh,2025-10-17,,,,,,
46,Press Up moyen,Jaouda,6111242107366,Jus de fruits,157.0,37.0,0.0,4.5,1000.0,2.5,0.1,0.2,0,14,E,21.0,E,NON,1,e330,https://world.openfoodfacts.org/product/6111242107366/press-up-moyen-jaouda,2025-10-17,,,,,,
47,RICORÉ® aux céréales et à la chicorée solubles Boîte 250g,"Nestlé,Caro,Ricore",3033710003228,Café,1573.0,371.0,0.2,3.2,92.0,0.23,5.1,8.0,0,2,B,,UNKNOWN,NON,0,,https://world.openfoodfacts.org/product/3033710003228/ricore-aux-cereales-et-a-la-chicoree-solubles-boite-250g-nestle,2025-10-17,,,,,,
48,ROZANA Eau Minérale Naturelle Pétillante 1.00 L,Rozana,3468570116601,Eau,0.0,0.0,0.0,0.0,49.3,0.123,0.0,0.0,0,0,A,,NOT-APPLICABLE,NON,0,,https://world.openfoodfacts.org/product/3468570116601/rozana-eau-minerale-naturelle-petillante-1-00-l,2025-10-17,,,,,,
49,"Alpro Sojadrink, Ungesüßt 1L",Danone,5411188115496,Boisson lactée,138.0,33.0,0.3,0.0,36.0,0.09,3.3,0.6,0,-5,B,77.0,A,NON,2,"e340, e418",https://world.openfoodfacts.org/product/5411188115496/alpro-sojadrink-ungesusst-1l-danone,2025-10-17,,,,,,
50,Coca-Cola Zero,Coca-Cola,5449000131843,Soda,1.3,0.3,0.0,0.0,4.0,0.01,0.0,0.0,0,4,C,,NOT-APPLICABLE,NON,7,"e150d, e290, e331, e338, e950, e951, e952",https://world.openfoodfacts.org/product/5449000131843/coke-zero-coca-cola,2025-10-17,,,,,,
51,Rich and indulgent Hazelnut,Promise Gluten Free,5411188110842,Boisson lactée,122.0,221.0,0.2,3.2,56.0,0.14,0.4,0.3,0,4,C,69.0,B,NON,2,"e322, e418",https://world.openfoodfacts.org/product/5411188110842/chia-quinoa-loaf-promise-gluten-free,2025-10-17,,,,,,
52,Pepsi Max,"Pepsi zero, PepsiCo",3502110009357,Soda,2.0,0.4,0.0,0.0,4.0,0.01,0.0,0.0,0,4,C,,NOT-APPLICABLE,NON,6,"e150d, e330, e331, e338, e950, e951",https://world.openfoodfacts.org/product/3502110009357/pepsi-max-pepsi-zero,2025-10-17,,,,,,
53,Bio Hafer,Vemondo,4056489997511,Boisson lactée,148.0,35.0,0.2,3.3,32.0,0.08,0.0,1.0,0,4,C,76.0,A,OUI,0,,https://world.openfoodfacts.org/product/4056489997511/bio-hafer-vemondo,2025-10-17,,,,,,
54,Grand Arôme 32% de Cacao,Poulain,3664346306003,Soda,302.0,72.0,1.1,9.5,44.0,0.11,3.7,0.8,0,10,E,39.0,D,NON,0,,https://world.openfoodfacts.org/product/3664346306003/grand-arome-32-de-cacao-poulain,2025-10-17,,,,,,
55,Orangina,Orangina,3249760000654,Soda,174.0,41.0,0.0,9.6,4.0,0.01,0.1,0.0,0,11,E,,NOT-APPLICABLE,NON,0,,https://world.openfoodfacts.org/product/3249760000654/orangina,2025-10-17,,,,,,
56,San Pellegrino,"San Pellegrino, Nestlé",8002270116544,Eau,0.0,0.0,0.0,0.0,0.0,0.0,0.0,0.0,0,0,A,,NOT-APPLICABLE,NON,0,,https://world.openfoodfacts.org/product/8002270116544/san-pellegrino,2025-10-17,,,,,,
57,Organic Gluten-Free Oat Drink,Plenish,5060362071709,Boisson lactée,138.0,33.0,0.1,3.8,32.0,0.08,0.6,0.5,0,5,C,61.0,B,OUI,0,,https://world.openfoodfacts.org/product/5060362071709/organic-gluten-free-oat-drink-plenish,2025-10-17,,,,,,
58,Orangensaft,Tropicana,3502110009449,Jus de fruits,182.0,40.0,0.0,8.9,0.0,0.0,0.8,0.6,0,4,C,43.0,D,NON,0,,https://world.openfoodfacts.org/product/3502110009449/orangensaft-tropicana,2025-10-17,,,,,,
59,Guedila,Guedila,6130758000022,Eau,0.0,0.0,0.0,0.0,2.9,0.007,0.0,0.0,0,0,A,,NOT-APPLICABLE,NON,0,,https://world.openfoodfacts.org/product/6130758000022/guedila,2025-10-17,,,,,,
60,Alpro Not Milk,ALPRO,5411188134985,Autre boisson,248.0,59.0,0.4,0.0,48.0,0.12,0.7,1.0,0,5,C,63.0,B,NON,2,"e340, e418",https://world.openfoodfacts.org/product/5411188134985/not-milk-drink-pflanzlich-voll-alpro,2025-10-17,,,,,,
61,Banania Original - Cacao Céréales Touche De Banane & Miel,Banania,3700278400881,Soda,1577.0,373.0,1.4,69.0,24.0,0.06,5.6,6.7,0,9,D,47.0,C,NON,0,,https://world.openfoodfacts.org/product/3700278400881/banania-original-cocoa-cereals-with-hint-of-banana-honey,2025-10-17,,,,,,
62,Soja nature sans sucre ajouté bio,Bjorg,3229820019604,Boisson lactée,178.0,43.0,0.6,0.5,12.0,0.03,3.9,0.5,0,-4,B,99.0,A-PLUS,OUI,0,,https://world.openfoodfacts.org/product/3229820019604/soja-no-sugar-bjorg,2025-10-17,,,,,,
63,Haway tropical,Hawai,5449000025272,Soda,157.0,37.0,0.0,8.5,0.0,0.0,0.0,0.0,0,10,E,,NOT-APPLICABLE,NON,3,"e110, e1450, e444",https://world.openfoodfacts.org/product/5449000025272/haway-tropical-hawai,2025-10-17,,,,,,
64,Grand Arôme moins de sucre,Poulain,3664346315371,Soda,296.0,70.0,1.1,8.4,44.0,0.11,3.9,1.1,0,16,E,36.0,D,NON,0,,https://world.openfoodfacts.org/product/3664346315371/grand-arome-moins-de-sucre-poulain,2025-10-17,,,,,,
65,Organic Oat drink,Plenish,5060362071051,Boisson lactée,138.0,33.0,0.1,3.8,32.0,0.08,0.6,0.5,0,5,C,52.0,C,NON,0,,https://world.openfoodfacts.org/product/5060362071051/organic-oat-drink-plenish,2025-10-17,,,,,,
66,Coco Sans Sucres,alpro,5411188128311,Autre boisson,59.0,14.0,1.1,0.0,28.0,0.07,0.1,0.0,0,2,B,40.0,D,NON,3,"e412, e415, e418",https://world.openfoodfacts.org/product/5411188128311/coconut-drink-with-added-calcium-and-vitamin-b12-alpro,2025-10-17,,,,,,
67,"Alpro Sojadrink, Schokoladen-Geschmack, Protein 1L",alpro,5411188130055,Soda,291.0,69.0,0.6,5.0,64.0,0.16,5.0,1.3,0,2,B,94.0,A-PLUS,NON,2,"e340, e418",https://world.openfoodfacts.org/product/5411188130055/plant-protein-chocolate-flavour-alpro,2025-10-17,,,,,,
68,Bebida de almendra 0% azúcares,Hacendado,8480000239266,Autre boisson,64.0,16.0,0.3,0.0,32.0,0.08,0.5,0.0,0,1,B,71.0,B,NON,5,"e340, e340iii, e418, e452, e473",https://world.openfoodfacts.org/product/8480000239266/bebida-de-almendra-0-azucares-hacendado,2025-10-17,,,,,,
69,Coconut Milk,Sainsbury's,00159111,Boisson lactée,623.0,149.0,13.8,1.6,20.0,0.05,1.3,0.5,0,16,E,71.0,B,NON,3,"e223, e435, e466",https://world.openfoodfacts.org/product/00159111/coconut-milk-sainsbury-s,2025-10-17,,,,,,
70,le bio pour toute la famille multifruit,pressade,3254691586054,Jus de fruits,159.0,38.0,0.0,8.2,0.0,0.0,0.0,0.0,0,10,E,54.0,C,OUI,0,,https://world.openfoodfacts.org/product/3254691586054/le-bio-pour-toute-la-famille-multifruit-pressade,2025-10-17,,,,,,
71,Wasser Volvic naturelle,Volvic,3057640186158,Autre boisson,0.0,0.0,0.0,0.0,12.0,0.03,0.0,0.0,0,0,A,,NOT-APPLICABLE,NON,0,,https://world.openfoodfacts.org/product/3057640186158/naturliches-mineralwasser-volvic,2025-10-17,,,,,,
72,Ovomaltine Céréal Energy,Ovomaltine,7612100914199,Soda,1600.0,375.0,1.0,51.0,200.0,0.5,9.5,0.0,0,15,E,51.0,C,NON,0,,https://world.openfoodfacts.org/product/7612100914199/ovomaltine-cereal-energy,2025-10-17,,,,,,
73,Danone max red fruit,Danone,6111032009412,Autre boisson,217.0,51.9,0.85,9.3,0.0,0.0,1.4,0.0,0,11,E,,UNKNOWN,NON,0,,https://world.openfoodfacts.org/product/6111032009412/danone-max-red-fruit,2025-10-17,,,,,,
74,Fanta Orange,Fanta,5449000004840,Soda,81.0,19.0,0.0,4.5,8.0,0.02,0.0,0.0,0,8,D,,NOT-APPLICABLE,NON,5,"e202, e414, e444, e950, e959",https://world.openfoodfacts.org/product/5449000004840/fanta-orange,2025-10-17,,,,,,
75,"RICORE au Lait, Café & Chicorée, Boîte 400g","Nestlé, Ricore",3033710071005,Café,1818.0,434.0,9.6,39.0,400.0,1.0,15.0,11.0,0,8,D,-15.0,F,NON,2,"e331, e340",https://world.openfoodfacts.org/product/3033710071005/ricore-au-lait-cafe-chicoree-boite-400g-nestle,2025-10-17,,,,,,
76,Boisson Noisette,Bjorg,3229820181424,Boisson lactée,286.0,69.0,0.4,4.0,20.0,0.05,1.0,1.1,0,9,D,82.0,A,OUI,2,"e412, e415",https://world.openfoodfacts.org/product/3229820181424/boisson-noisette-calcium-bjorg,2025-10-17,,,,,,
77,"Alpro Mandeldrink Weiß Ungesüßt, Ungeröstet 1 LT",Alpro,5411188122661,Boisson lactée,56.0,13.0,0.1,0.0,56.0,0.14,0.5,0.2,0,1,B,59.0,C,NON,2,"e322, e418",https://world.openfoodfacts.org/product/5411188122661/alpro-mandeldrink-weiss-ungesusst-ungerostet-1-lt,2025-10-17,,,,,,
78,jaouda p'tit dej honey,Jaouda,6111242109544,Boisson lactée,97.6,97.0,2.4,9.0,80.0,0.2,3.0,1.0,0,5,C,18.0,E,NON,0,,https://world.openfoodfacts.org/product/6111242109544/jaouda-p-tit-dej-honey,2025-10-17,,,,,,
79,Organic & unsweetened Almond,Plenish,5060362070474,Autre boisson,121.0,29.0,0.2,0.0,40.0,0.1,1.0,0.5,0,2,B,79.0,A,OUI,0,,https://world.openfoodfacts.org/product/5060362070474/organic-unsweetened-almond-plenish,2025-10-17,,,,,,
80,Whole Oat Drink,Oatly,7394376620713,Boisson lactée,248.0,59.0,0.3,3.4,40.0,0.1,1.1,0.8,0,7,D,56.0,C,NON,2,"e340, e340ii",https://world.openfoodfacts.org/product/7394376620713/whole-oat-drink-oatly,2025-10-17,,,,,,
81,Natural Coconut Cream,Kara,8886303210207,Boisson lactée,147.0,35.0,4.0,0.0,0.0,0.0,0.0,0.0,0,5,C,69.0,B,NON,3,"e407, e412, e415",https://world.openfoodfacts.org/product/8886303210207/natural-coconut-cream-kara,2025-10-17,,,,,,
82,PET 1L OCEAN SPRAY CLASS,Ocean Spray,1200101017825,Autre boisson,167.0,39.0,0.0,9.3,0.0,0.0,0.0,0.0,0,11,E,44.0,D,NON,0,,https://world.openfoodfacts.org/product/1200101017825/pet-1l-ocean-spray-class,2025-10-17,,,,,,
83,"Tropicana 100% oranges pressées sans pulpe format familial 1,5 L",Tropicana,3502110006790,Jus de fruits,182.0,43.0,0.0,8.9,0.0,0.0,0.8,0.6,0,4,C,52.0,C,NON,0,,https://world.openfoodfacts.org/product/3502110006790/tropicana-100-oranges-pressees-sans-pulpe-format-familial-1-5-l,2025-10-17,,,,,,
84,Omar,Jaouda,6111242109537,Autre boisson,403.0,96.0,2.4,8.0,0.0,0.0,2.0,1.5,0,15,E,-20.0,F,NON,0,,https://world.openfoodfacts.org/product/6111242109537/omar-jaouda,2025-10-17,,,,,,
85,Goody cao,Bellarom,4056489009979,Soda,1624.0,384.0,1.7,75.8,40.0,0.1,5.4,7.5,0,16,E,72.0,B,NON,2,"e322, e322i",https://world.openfoodfacts.org/product/4056489009979/goody-cao-bellarom,2025-10-17,,,,,,
86,CONTREX eau minérale naturelle 1L,Contrex,3179730115821,Eau,0.0,0.0,0.0,0.0,0.0,0.0,0.0,0.0,0,0,A,,NOT-APPLICABLE,NON,0,,https://world.openfoodfacts.org/product/3179730115821/contrex-eau-minerale-naturelle-1l,2025-10-17,,,,,,
87,Schweppes Agrumes Zero,Schweppes,5410221305108,Soda,9.8,2.3,0.0,0.3,0.0,0.0,0.0,0.0,0,4,C,,NOT-APPLICABLE,NON,8,"e142, e14xx, e202, e300, e330, e445, e950, e955",https://world.openfoodfacts.org/product/5410221305108/schweppes-agrumes-zero,2025-10-17,,,,,,
88,Nectar Orange,Al Boustane,6111179003847,Jus de fruits,227.0,46.0,0.0,11.0,0.0,0.0,0.0,0.0,0,11,E,94.0,A-PLUS,NON,1,e330,https://world.openfoodfacts.org/product/6111179003847/nectar-orange-al-boustane,2025-10-17,,,,,,
89,Cola Cao El Original,ColaCao,8410014478733,Soda,288.0,68.0,1.1,9.1,48.0,0.12,3.4,0.5,0,8,D,54.0,C,NON,0,,https://world.openfoodfacts.org/product/8410014478733/cola-cao-el-original-colacao,2025-10-17,,,,,,
90,PET 1.2L MAYTEA PECHE,May Tea,3124480195319,Thé,85.0,20.0,0.0,4.7,12.0,0.03,0.0,0.0,0,4,C,61.0,B,NON,4,"e296, e300, e330, e331",https://world.openfoodfacts.org/product/3124480195319/pet-1-2l-maytea-peche-may-tea,2025-10-17,,,,,,
91,"Alpro Sojadrink, Ungesüßt fresh",Alpro,5411188106814,Boisson lactée,138.0,33.0,0.3,0.0,36.0,0.09,3.3,0.6,0,-5,B,73.0,B,NON,2,"e340, e418",https://world.openfoodfacts.org/product/5411188106814/soya-unsweetened-drink-alpro,2025-10-17,,,,,,
92,Oat Barista Blend,Califia Farms,0813636022953,Boisson lactée,229.0,54.0,0.2,2.8,48.0,0.12,0.8,0.8,0,6,C,52.0,C,NON,6,"e170, e170i, e340, e340ii, e341, e341iii",https://world.openfoodfacts.org/product/0813636022953/oat-barista-blend-califia-farms,2025-10-17,,,,,,
93,Organic Soya Unsweetened U.H.T.,Alpro,5411188511137,Boisson lactée,132.0,32.0,0.3,0.0,12.0,0.03,3.3,0.6,0,-5,B,93.0,A-PLUS,OUI,0,,https://world.openfoodfacts.org/product/5411188511137/organic-soya-unsweetened-u-h-t-alpro,2025-10-17,,,,,,
94,Coconut Milk,ktc,5013635330010,Boisson lactée,419.0,109.0,9.7,1.3,20.0,0.05,0.5,0.0,0,18,E,70.0,B,NON,3,"e412, e415, e435",https://world.openfoodfacts.org/product/5013635330010/coconut-milk-ktc,2025-10-17,,,,,,
95,1L PUR JUS ORANGE JOKER NEW,Joker,3123349011227,Jus de fruits,172.0,41.0,0.0,8.5,0.0,0.0,0.8,0.0,0,4,C,47.0,C,NON,0,,https://world.openfoodfacts.org/product/3123349011227/1l-pur-jus-orange-joker-new,2025-10-17,,,,,,
96,soya Vanille,Alpro,5411188115533,Boisson lactée,240.0,57.0,0.3,6.7,56.0,0.14,3.0,0.5,0,3,C,79.0,A,NON,2,"e340, e418",https://world.openfoodfacts.org/product/5411188115533/alpro-soya-vanille,2025-10-17,,,,,,
97,L'ben,Soummam,6130760003769,Boisson lactée,168.5,40.1,1.13,0.0,28.0,0.07,2.7,0.0,0,-1,B,45.0,C,NON,0,,https://world.openfoodfacts.org/product/6130760003769/l-ben-soummam,2025-10-17,,,,,,
98,PET 1.2L MAYTEA MENTHE,May Tea,3124480195326,Thé,59.0,14.0,0.0,3.3,12.0,0.03,0.0,0.0,0,3,C,98.0,A-PLUS,NON,4,"e296, e300, e330, e331",https://world.openfoodfacts.org/product/3124480195326/pet-1-2l-maytea-menthe-may-tea,2025-10-17,,,,,,
99,Bulles de fruits Pamplemousse Touche de citron,Badoit,3068320118420,Eau,89.0,21.0,0.0,4.9,24.0,0.06,0.5,0.5,0,4,C,,NOT-APPLICABLE,NON,1,e330,https://world.openfoodfacts.org/product/3068320118420/bulles-de-fruits-pamplemousse-touche-de-citron-badoit,2025-10-17,,,,,,
100,Soya Wholebean Unsweetened Drink U.H.T.,Alpro,5411188079996,Boisson lactée,138.0,33.0,0.3,0.0,35.0,0.087,3.3,0.6,0,-5,B,80.0,A,NON,2,"e340, e418",https://world.openfoodfacts.org/product/5411188079996/soya-wholebean-unsweetened-drink-u-h-t-alpro,2025-10-17,,,,,,
101,Original,ColaCao,8410014478764,Soda,1581.0,378.0,1.6,70.0,40.0,0.1,6.6,7.8,0,8,D,66.0,B,NON,0,,https://world.openfoodfacts.org/product/8410014478764/original-colacao,2025-10-17,,,,,,
102,"PET 1,5L SCHWEPPES AGRUMES",Schweppes,3124480196262,Soda,81.0,19.0,0.0,4.4,4.0,0.01,0.0,0.0,0,8,D,,NOT-APPLICABLE,NON,7,"e14xx, e202, e300, e330, e445, e950, e955",https://world.openfoodfacts.org/product/3124480196262/agrumes-schweppes,2025-10-17,,,,,,
103,Bebida de Avena Calcio y Vitaminas,Hacendado,8480000861672,Autre boisson,219.0,52.0,2.0,3.6,46.0,0.115,0.5,0.56,0,8,D,52.0,C,NON,2,"e415, e418",https://world.openfoodfacts.org/product/8480000861672/bebida-de-avena-calcio-y-vitaminas-hacendado,2025-10-17,,,,,,
104,Bebida de Soja,Hacendado,8480000136824,Autre boisson,147.0,35.0,0.3,0.7,64.0,0.16,3.4,0.7,0,0,B,80.0,A,NON,3,"e418, e950, e955",https://world.openfoodfacts.org/product/8480000136824/bebida-de-soja-hacendado,2025-10-17,,,,,,
105,Coca-Cola saveur cerise,Coca-Cola,5449000214843,Soda,182.0,43.0,0.0,10.7,0.0,0.0,0.0,0.0,0,12,E,,NOT-APPLICABLE,NON,2,"e150d, e338",https://world.openfoodfacts.org/product/5449000214843/coca-cola-saveur-cerise,2025-10-17,,,,,,
106,yogo fraise,extra lait,6111242071940,Boisson lactée,398.0,95.0,2.44,35.24,220.0,0.55,1.99,6.3,0,18,E,18.0,E,NON,0,,https://world.openfoodfacts.org/product/6111242071940/yogo-fraise-extra-lait,2025-10-17,,,,,,
107,Jutos,Jaouda تبارك وتعالى,6111242106932,Jus de fruits,188.0,45.0,0.0,10.7,200.0,0.5,0.0,6111242106933.0,0,9,D,21.0,E,NON,3,"e160a, e160ai, e330",https://world.openfoodfacts.org/product/6111242106932/jutos-jaouda-%D8%AA%D8%A8%D8%A7%D8%B1%D9%83-%D9%88%D8%AA%D8%B9%D8%A7%D9%84%D9%89,2025-10-17,,,,,,
108,Orangina 50cl,Orangina,8435185100955,Soda,184.0,43.0,0.0,10.1,0.0,0.0,0.1,0.0,0,10,E,,NOT-APPLICABLE,NON,2,"e202, e330",https://world.openfoodfacts.org/product/8435185100955/orangina-50cl,2025-10-17,,,,,,
109,No Sugars Oat Drink,Oatly,7394376620867,Boisson lactée,184.0,44.0,0.2,0.0,47.0,0.117,1.0,0.7,0,3,C,52.0,C,NON,2,"e340, e340ii",https://world.openfoodfacts.org/product/7394376620867/no-sugars-oat-drink-oatly,2025-10-17,,,,,,
110,"CRISTALINE Eau de Source Pétillante 0,5L",Cristaline,3254381016922,Eau,0.0,0.0,0.0,0.0,8.4,0.021,0.0,0.0,0,0,A,,NOT-APPLICABLE,NON,0,,https://world.openfoodfacts.org/product/3254381016922/cristaline-eau-de-source-petillante-0-5l,2025-10-17,,,,,,
111,Pur jus de citron,"Jardin bio, Léa Nature",3456300002508,Jus de fruits,133.0,31.0,0.2,1.7,0.0,0.0,0.0,0.0,0,-3,B,54.0,C,OUI,0,,https://world.openfoodfacts.org/product/3456300002508/pur-jus-de-citron-jardin-bio,2025-10-17,,,,,,
112,Kéfir natural,Hacendado,8480000156624,Thé,151.0,36.0,0.0,0.0,0.0,0.0,3.92,0.0,0,-4,B,,UNKNOWN,NON,0,,https://world.openfoodfacts.org/product/8480000156624/kefir-0-natural-hacendado,2025-10-17,,,,,,
113,Limonada natural,Don Simón,8410261657424,Soda,96.0,23.0,0.0,5.6,4.0,0.01,0.1,0.0,0,6,C,,NOT-APPLICABLE,NON,3,"e160a, e160ai, e300",https://world.openfoodfacts.org/product/8410261657424/limonada-natural-don-simon,2025-10-17,,,,,,
114,Red Bull Sugarfree,Red Bull,90162800,Boisson énergisante,13.0,3.0,0.0,0.0,42.0,0.105,0.0,0.0,0,4,C,,NOT-APPLICABLE,NON,11,"e101, e101i, e150a, e290, e330, e415, e500, e504, e504i, e950, e951",https://world.openfoodfacts.org/product/90162800/red-bull-sugarfree,2025-10-17,,,,,,
115,Oat Milk,Actileaf,4061459290349,Boisson lactée,206.0,49.2,0.2,4.6,40.0,0.1,1.32,0.8,0,5,C,66.0,B,NON,0,,https://world.openfoodfacts.org/product/4061459290349/oat-milk-actileaf,2025-10-17,,,,,,
116,Schweppes citron 45cl,Schweppes,5449000318947,Soda,82.0,19.2,0.0,11.0,0.0,0.0,0.0,0.0,0,14,E,,NOT-APPLICABLE,NON,5,"e211, e330, e414, e950, e951",https://world.openfoodfacts.org/product/5449000318947/schweppes-citron-45cl,2025-10-17,,,,,,
117,Avoine,Carrefour,3245413451804,Boisson lactée,182.0,43.0,0.2,5.0,32.0,0.08,0.5,0.8,0,6,C,83.0,A,OUI,0,,https://world.openfoodfacts.org/product/3245413451804/lait-d-avoine-carrefour,2025-10-17,,,,,,
118,Super Smoothie Antioxydant,Innocent,5038862234115,Jus de fruits,230.0,54.0,0.1,11.0,40.0,0.1,0.5,1.1,0,7,D,39.0,D,NON,0,,https://world.openfoodfacts.org/product/5038862234115/super-smoothie-antioxydant-innocent,2025-10-17,,,,,,
119,Boisson au soja,Vemondo,4056489695387,Boisson lactée,133.0,32.0,0.2,0.4,32.0,0.08,3.0,0.2,0,-4,B,99.0,A-PLUS,OUI,0,,https://world.openfoodfacts.org/product/4056489695387/boisson-au-soja-vemondo,2025-10-17,,,,,,
120,alpro sabor natural con coco,Alpro,5411188139126,Thé,231.0,55.0,1.1,2.1,128.0,0.32,3.9,0.8,0,1,B,43.0,D,NON,5,"e304, e306, e330, e331, e440",https://world.openfoodfacts.org/product/5411188139126/alpro-sabor-natural-con-coco,2025-10-17,,,,,,
121,Lait Amande calcium,"Bio Village, Marque Repère",3564707117203,Boisson lactée,106.0,26.0,0.2,0.5,40.0,0.1,0.7,0.5,0,2,B,84.0,A,OUI,0,,https://world.openfoodfacts.org/product/3564707117203/lait-amande-sans-sucres-bio-village,2025-10-17,,,,,,
122,Evian 75cl PET,Evian,3068320014067,Eau,0.0,0.0,0.0,0.0,0.0,0.0,0.0,0.0,0,0,A,,NOT-APPLICABLE,NON,0,,https://world.openfoodfacts.org/product/3068320014067/evian-natural-mineral-water-2yrs-prod,2025-10-17,,,,,,
123,Apple & Raisin Oat Bar,Deliciously Ella,5060482840209,Thé,1784.0,426.0,9.5,29.0,116.0,0.29,5.6,4.9,0,12,E,29.0,E,NON,0,,https://world.openfoodfacts.org/product/5060482840209/apple-raisin-oat-bar-deliciously-ella,2025-10-17,,,,,,
124,Eau minérale,Volvic,3057640265358,Eau,0.0,0.0,0.0,0.0,12.0,0.03,0.0,0.0,0,0,A,,NOT-APPLICABLE,NON,0,,https://world.openfoodfacts.org/product/3057640265358/eau-minerale-volvic,2025-10-17,,,,,,
125,Orangina,Orangina,3124480184320,Soda,173.0,41.0,0.0,9.6,4.0,0.01,0.1,0.0,0,9,D,,NOT-APPLICABLE,NON,0,,https://world.openfoodfacts.org/product/3124480184320/orangina,2025-10-17,,,,,,
126,Club-Mate Original,"Club Mate,Loscher",4029764001807,Autre boisson,84.0,20.0,0.0,5.0,0.0,0.0,0.0,0.0,0,4,C,,NOT-APPLICABLE,NON,2,"e290, e330",https://world.openfoodfacts.org/product/4029764001807/club-mate,2025-10-17,,,,,,
127,Mandel Vanille Geschmack,Alpro,5411188120742,Boisson lactée,126.0,30.0,0.1,3.8,56.0,0.14,0.4,1.3,0,5,C,69.0,B,NON,3,"e322, e410, e418",https://world.openfoodfacts.org/product/5411188120742/mandel-vanille-geschmack-alpro,2025-10-17,,,,,,
128,High Protein Soja Drink,"Alpro, DANONE AS",5411188130031,Boisson lactée,239.0,57.0,0.5,2.5,40.0,0.1,5.0,0.9,0,-1,B,78.0,A,NON,2,"e340, e418",https://world.openfoodfacts.org/product/5411188130031/plant-protein-soya-drink-alpro,2025-10-17,,,,,,
129,Eau minérale Ifri,Ifri,6130093010045,Eau,0.0,0.0,0.0,0.0,1.6,0.004,0.0,0.0,0,0,A,,NOT-APPLICABLE,NON,0,,https://world.openfoodfacts.org/product/6130093010045/eau-minerale-ifri,2025-10-17,,,,,,
130,Jafaden,"Marque Repère, Jafaden",3564700494493,Jus de fruits,184.0,43.0,0.1,9.7,4.0,0.01,0.6,0.5,0,5,C,48.0,C,NON,0,,https://world.openfoodfacts.org/product/3564700494493/jafaden-marque-repere,2025-10-17,,,,,,
131,Crema di cocco,Suzi Wan,4002359654688,Boisson lactée,1039.0,252.0,24.0,3.0,16.0,0.04,2.7,0.5,0,11,E,69.0,B,NON,1,e412,https://world.openfoodfacts.org/product/4002359654688/crema-di-cocco-suzi-wan,2025-10-17,,,,,,
132,Boisson au soja nature bio,"Bio Village, Marque Repère",3564707095723,Boisson lactée,154.0,37.0,0.4,0.7,4.0,0.01,3.7,0.7,0,-3,B,102.0,A-PLUS,OUI,0,,https://world.openfoodfacts.org/product/3564707095723/boisson-au-soja-nature-bio-bio-village,2025-10-17,,,,,,
133,"Coca-Cola Zero 1,25 Liter","Coca-Cola,Coca-Cola Company",5000112576009,Soda,0.9,0.2,0.0,0.0,8.0,0.02,0.0,0.0,0,4,C,,NOT-APPLICABLE,NON,7,"e150d, e290, e331, e338, e950, e951, e960c",https://world.openfoodfacts.org/product/5000112576009/coca-cola-zero,2025-10-17,,,,,,
134,Bebida de Avena,Yosoy,8423352100143,Autre boisson,198.0,47.0,0.1,4.8,12.0,0.03,1.6,0.7,0,4,C,63.0,B,NON,0,,https://world.openfoodfacts.org/product/8423352100143/bebida-de-avena-yosoy,2025-10-17,,,,,,
135,"Kokosnussdrink mit Soja, Barista",alpro,5411188119753,Boisson lactée,139.0,33.0,0.7,3.3,40.0,0.1,1.5,0.2,0,3,C,87.0,A,NON,4,"e170, e170i, e340, e418",https://world.openfoodfacts.org/product/5411188119753/barista-coconut-alpro,2025-10-17,,,,,,
136,Amande Sans sucres,"Carrefour BIO, Carrefour",3560071014094,Boisson lactée,106.0,26.0,0.2,0.5,40.0,0.1,0.7,0.5,0,2,B,89.0,A,OUI,0,,https://world.openfoodfacts.org/product/3560071014094/amande-sans-sucres-carrefour-bio,2025-10-17,,,,,,
137,Thé glacé pêche intense,"COCA-COLA, FuzeTea",5449000295750,Thé,79.0,19.0,0.0,4.4,12.0,0.03,0.0,0.0,0,8,D,58.0,C,NON,5,"e296, e300, e330, e331, e960a",https://world.openfoodfacts.org/product/5449000295750/the-glace-peche-intense-coca-cola,2025-10-17,,,,,,
138,Yeo Valley Organic Kefir Strawberry Fermented Yoghurt,Yeo Valley,5036589254270,Boisson lactée,331.0,79.0,1.3,9.5,44.0,0.11,4.2,0.1,0,10,E,44.0,D,OUI,0,,https://world.openfoodfacts.org/product/5036589254270/yeo-valley-organic-kefir-strawberry-fermented-yoghurt,2025-10-17,,,,,,
139,Nestlé Pure Life,Nestlé,3700123300380,Eau,0.0,0.0,0.0,0.0,2.0,0.005,0.0,0.0,0,0,A,,NOT-APPLICABLE,NON,0,,https://world.openfoodfacts.org/product/3700123300380/eau-pure-life-nestle,2025-10-17,,,,,,
140,Le Bio Orange,Pressade,3254691586085,Jus de fruits,144.0,34.0,0.0,8.2,0.0,0.0,0.5,0.5,0,5,C,111.0,A-PLUS,OUI,0,,https://world.openfoodfacts.org/product/3254691586085/le-bio-orange-pressade,2025-10-17,,,,,,
141,Tropicana Multivitamines 1 L,Tropicana,3502110003201,Jus de fruits,204.0,48.0,0.0,10.7,0.0,0.0,0.0,0.0,0,12,E,31.0,D,NON,0,,https://world.openfoodfacts.org/product/3502110003201/tropicana-multivitamines-1-l,2025-10-17,,,,,,
142,Tropicana 100% oranges pressées avec pulpe 1 L,Tropicana,3502110009401,Jus de fruits,179.0,42.0,0.0,8.6,0.0,0.0,0.8,0.8,0,4,C,48.0,C,NON,0,,https://world.openfoodfacts.org/product/3502110009401/tropicana-100-oranges-pressees-avec-pulpe-1-l,2025-10-17,,,,,,
143,Boisson avoine,"Bio Village, Marque Repère",3564707105675,Boisson lactée,173.0,49.0,0.2,5.0,39.0,0.098,0.5,0.8,0,6,C,83.0,A,OUI,0,,https://world.openfoodfacts.org/product/3564707105675/boisson-avoine-bio-village,2025-10-17,,,,,,
144,Besbassa,Sarl diar ezarga,6134082000017,Eau,0.0,0.0,0.0,0.0,0.0,0.0,0.0,0.0,0,0,A,,NOT-APPLICABLE,NON,2,"e164, e180",https://world.openfoodfacts.org/product/6134082000017/besbassa-sarl-diar-ezarga,2025-10-17,,,,,,
145,Coca-Cola Zero,Coca-Cola,5449000133724,Soda,1.3,0.3,0.0,0.0,4.0,0.01,0.0,0.0,0,4,C,,NOT-APPLICABLE,NON,4,"e150d, e950, e951, e952",https://world.openfoodfacts.org/product/5449000133724/coca-cola-zero,2025-10-17,,,,,,
146,Apa,Aqua Carpatica,59493518,Eau,0.0,0.0,0.0,0.0,0.7,0.002,0.0,0.0,0,0,A,,NOT-APPLICABLE,NON,0,,https://world.openfoodfacts.org/product/59493518/apa-aqua-carpatica,2025-10-17,,,,,,
147,AMINE,FAMI,6111035503191,Eau,0.0,0.0,0.0,0.0,0.0,0.0,0.0,0.0,0,0,A,,NOT-APPLICABLE,NON,0,,https://world.openfoodfacts.org/product/6111035503191/amine-fami,2025-10-17,,,,,,
148,Coca-Cola Zero Sugar 25cl,Coca-Cola,5449000020987,Soda,1.3,0.3,0.0,0.0,4.0,0.01,0.0,0.0,0,4,C,,NOT-APPLICABLE,NON,6,"e150d, e331, e338, e950, e951, e960c",https://world.openfoodfacts.org/product/5449000020987/coca-cola-zero-sugar-25cl,2025-10-17,,,,,,
149,Choc Shot,Sweet Freedom,96066829,Soda,1112.0,264.0,1.7,45.1,0.0,0.0,2.5,7.5,0,9,D,13.0,F,NON,0,,https://world.openfoodfacts.org/product/96066829/choc-shot-sweet-freedom,2025-10-17,,,,,,
150,"Alpro® Barista Mandeldrink, 1 L, UHT",Alpro,5411188129899,Autre boisson,99.0,24.0,0.1,2.5,32.0,0.08,0.5,0.3,0,4,C,63.0,B,NON,5,"e170, e170i, e340, e412, e418",https://world.openfoodfacts.org/product/5411188129899/barista-mandeldrink-alpro,2025-10-17,,,,,,
151,Limonata,"Nestlé, San Pellegrino",8002270936777,Soda,147.0,35.0,0.0,8.0,0.0,0.0,0.1,0.1,0,8,D,,NOT-APPLICABLE,NON,1,e290,https://world.openfoodfacts.org/product/8002270936777/limonata-nestle,2025-10-17,,,,,,
152,Eau minérale naturelle,Vittel,3179732333919,Eau,0.0,0.0,0.0,0.0,0.5,0.001,0.0,0.0,0,0,A,,NOT-APPLICABLE,NON,0,,https://world.openfoodfacts.org/product/3179732333919/eau-minerale-naturelle-vittel,2025-10-17,,,,,,
153,SOJA Sans sucres ajoutés**,"Carrefour BIO, Carrefour, Groupe Carrefour",3270190128717,Boisson lactée,171.0,41.0,0.4,0.7,4.0,0.01,3.8,0.6,0,-3,B,89.0,A,OUI,0,,https://world.openfoodfacts.org/product/3270190128717/soja-sans-sucres-ajoutes-carrefour-bio,2025-10-17,,,,,,
154,Zumo pura naranja,Hacendado,8480000390103,Autre boisson,184.0,44.0,0.0,9.3,0.0,0.0,0.7,0.6,0,7,D,54.0,C,NON,0,,https://world.openfoodfacts.org/product/8480000390103/zumo-pura-naranja-hacendado,2025-10-17,,,,,,
155,Smoozy,Albane,6111250010207,Boisson lactée,352.0,84.0,1.3,9.2,40.0,0.1,2.2,0.0,0,13,E,17.0,E,NON,1,e330,https://world.openfoodfacts.org/product/6111250010207/smoozy-albane,2025-10-17,,,,,,
156,STARBUCKS Signature chocolat 70% 300g,"Signature chocolate, Starbucks",7613287598967,Soda,1593.0,381.0,7.0,28.6,92.0,0.23,14.6,12.3,0,8,D,-1.0,F,NON,2,"e322, e322i",https://world.openfoodfacts.org/product/7613287598967/starbucks-signature-chocolat-70-300g-signature-chocolate,2025-10-17,,,,,,
157,Orangina zéro,Orangina,3124480185020,Soda,19.0,4.0,0.0,0.5,8.0,0.02,0.1,0.0,0,4,C,,NOT-APPLICABLE,NON,3,"e202, e950, e955",https://world.openfoodfacts.org/product/3124480185020/orangina-zero,2025-10-17,,,,,,
158,"RICORE Original, Café & Chicorée, Recharge 180g",Nestlé,7613034227775,Café,577.0,141.0,0.1,9.1,92.0,0.23,2.7,45.3,0,0,B,-20.0,F,NON,0,,https://world.openfoodfacts.org/product/7613034227775/ricore-original-cafe-chicoree-recharge-180g-nestle,2025-10-17,,,,,,
159,NESQUIK Poudre Cacaotée boîte 500g,"Nestlé, Nesquik",7613036009102,Soda,1634.0,386.0,1.6,75.1,164.0,0.41,5.1,7.7,0,9,D,55.0,C,NON,2,"e322, e322i",https://world.openfoodfacts.org/product/7613036009102/nesquik-poudre-cacaotee-boite-500g-nestle,2025-10-17,,,,,,
160,"Not Milk 1,8",Alpro,5411188135005,Boisson lactée,182.0,44.0,0.3,0.0,44.0,0.11,0.7,1.0,0,3,C,61.0,B,NON,3,"e322, e340, e418",https://world.openfoodfacts.org/product/5411188135005/alpro-haferdrink-shh-this-is-not-mlk-fettarm-1l,2025-10-17,,,,,,
161,Starbucks signature chocolat,Starbucks,7613287598936,Soda,1651.0,392.0,4.6,57.6,68.0,0.17,8.6,12.4,0,12,E,-3.0,F,NON,2,"e322, e322i",https://world.openfoodfacts.org/product/7613287598936/starbucks-signature-chocolat,2025-10-17,,,,,,
162,"Apă minerală naturală, natural carbogazoasă",Borsec,5942219115845,Eau,0.0,0.0,0.0,0.0,0.0,0.0,0.0,0.0,0,0,A,,NOT-APPLICABLE,NON,0,,https://world.openfoodfacts.org/product/5942219115845/ap%C4%83-mineral%C4%83-natural%C4%83-natural-carbogazoas%C4%83-borsec,2025-10-17,,,,,,
163,Original COCA-COLA,Coca cola,3174780000363,Soda,180.0,42.0,0.0,10.6,0.0,0.0,0.0,0.0,0,12,E,,NOT-APPLICABLE,NON,1,e150d,https://world.openfoodfacts.org/product/3174780000363/original-coca-cola,2025-10-17,,,,,,
164,Pur jus de citron,"Jardin bio, Léa Nature",3456300002492,Jus de fruits,133.0,31.0,0.2,1.7,4.0,0.01,0.0,0.0,0,-3,B,53.0,C,OUI,0,,https://world.openfoodfacts.org/product/3456300002492/pur-jus-de-citron-jardin-bio,2025-10-17,,,,,,
165,Rich & creamy coconut milk,"Amoy,Alifoods",5010928459502,Autre boisson,710.0,165.0,15.0,2.5,60.0,0.15,0.5,0.5,0,20,E,70.0,B,NON,2,"e435, e466",https://world.openfoodfacts.org/product/5010928459502/rich-creamy-coconut-milk-amoy,2025-10-17,,,,,,
166,"Alpro Sojadrink Original fresh mit Calcium, 1 L, 11",Alpro,5411188091912,Boisson lactée,162.0,39.0,0.3,2.5,32.0,0.08,3.0,0.5,0,-1,B,73.0,B,NON,4,"e170, e170i, e340, e418",https://world.openfoodfacts.org/product/5411188091912/soya-original-drink-alpro,2025-10-17,,,,,,
167,Tropicana Multivitamines format familial 1.5 L,Tropicana,5410188011326,Jus de fruits,199.0,47.0,0.0,11.0,0.0,0.0,0.5,0.6,0,6,C,26.0,E,NON,0,,https://world.openfoodfacts.org/product/5410188011326/tropicana-multivitamines-format-familial-1-5-l,2025-10-17,,,,,,
168,Fanta orange 1.5l,Fanta,5449000052926,Soda,203.0,48.0,0.0,11.7,0.0,0.0,0.0,0.0,0,13,E,,NOT-APPLICABLE,NON,1,e300,https://world.openfoodfacts.org/product/5449000052926/fanta-orange-1-5l,2025-10-17,,,,,,
169,Boisson à l'avoine,Oatly,7394376615979,Boisson lactée,196.0,48.0,0.2,3.5,40.0,0.1,1.1,0.8,0,5,C,63.0,B,NON,0,,https://world.openfoodfacts.org/product/7394376615979/boisson-a-l-avoine-oatly,2025-10-17,,,,,,
170,Boisson à l'avoine,Vemondo,4056489989356,Boisson lactée,154.0,37.0,0.2,3.3,32.0,0.08,0.4,1.0,0,5,C,77.0,A,OUI,0,,https://world.openfoodfacts.org/product/4056489989356/boisson-a-l-039-avoine-vemondo,2025-10-17,,,,,,
171,"Schweppes agrumes aux saveurs d'orange,🍊de pamplemousse, de citron vert & de mandarine",SchweppesOrangina Schweppes,3124480186898,Soda,101.0,24.0,0.0,5.7,4.0,0.01,0.0,0.0,0,10,E,,NOT-APPLICABLE,NON,6,"e14xx, e202, e330, e445, e950, e955",https://world.openfoodfacts.org/product/3124480186898/schweppes-agrumes-aux-saveurs-d-orange-%F0%9F%8D%8Ade-pamplemousse-de-citron-vert-de-mandarine-schweppesorangina-schweppes,2025-10-17,,,,,,
172,Eau de source de montagne,Saguaro,40882475,Eau,0.1,0.1,0.1,0.1,440.0,1.1,0.1,0.1,0,5,A,,NOT-APPLICABLE,NON,0,,https://world.openfoodfacts.org/product/40882475/eau-de-source-de-montagne-saguaro,2025-10-17,,,,,,
173,NECTAR Pêche,Valencia,6111251750034,Jus de fruits,188.0,45.0,0.0,8.9,0.0,0.0,0.3,0.0,0,8,D,18.0,E,NON,1,e330,https://world.openfoodfacts.org/product/6111251750034/nectar-peche-valencia,2025-10-17,,,,,,
174,Candy'Up Goût Chocolat🍫,Candia,3176571744289,Soda,263.0,62.0,0.6,9.7,36.0,0.09,3.2,0.6,0,6,C,29.0,E,NON,0,,https://world.openfoodfacts.org/product/3176571744289/candy-up-gout-chocolat%F0%9F%8D%AB-candia,2025-10-17,,,,,,
175,Almond Breeze Unsweetened Low Fat Milk Alternative,Blue Diamond Almonds,0041570080146,Boisson lactée,53.0,13.0,0.1,0.0,60.0,0.15,0.5,0.0,0,1,B,64.0,B,NON,3,"e322, e322i, e418",https://world.openfoodfacts.org/product/0041570080146/almond-breeze-unsweetened-low-fat-milk-alternative-blue-diamond-almonds,2025-10-17,,,,,,
176,Volvic Zest Citron,Volvic,3057640317743,Eau,19.0,4.0,0.0,0.9,4.0,0.01,0.0,0.0,0,1,B,,NOT-APPLICABLE,NON,1,e330,https://world.openfoodfacts.org/product/3057640317743/volvic-zest-citron,2025-10-17,,,,,,
177,Thé noir glacé saveur pêche intense,Fuze Tea,5449000232465,Thé,80.0,19.0,0.0,4.3,12.0,0.03,0.0,0.0,0,4,C,68.0,B,NON,4,"e296, e300, e330, e331",https://world.openfoodfacts.org/product/5449000232465/the-noir-glace-saveur-peche-intense-fuze-tea,2025-10-17,,,,,,
178,NESQUIK Poudre Cacaotée boîte 500g,"NestléNesquik, Nestlé, Nesquik",7613036012249,Soda,1634.0,386.0,1.6,75.1,164.0,0.41,5.1,7.7,0,9,D,49.0,C,NON,2,"e322, e322i",https://world.openfoodfacts.org/product/7613036012249/nesquik-poudre-cacaotee-boite-500g-nestlenesquik,2025-10-17,,,,,,
179,Jus de pomme,Lidl Solevita,4056489249603,Jus de fruits,192.0,45.0,0.0,10.0,4.0,0.01,0.5,0.0,0,5,C,60.0,B,NON,0,,https://world.openfoodfacts.org/product/4056489249603/jus-de-pomme-lidl-solevita,2025-10-17,,,,,,
180,Oat,"Vemondo, Lidl",4056489804673,Boisson lactée,173.0,41.2,0.2,3.12,48.0,0.12,0.32,0.6,0,5,C,57.0,C,NON,0,,https://world.openfoodfacts.org/product/4056489804673/oat-vemondo,2025-10-17,,,,,,
181,Tesco Oat Drink,Tesco,5057753940317,Boisson lactée,199.0,47.0,0.2,4.2,40.0,0.1,0.5,0.7,0,6,C,57.0,C,NON,1,e418,https://world.openfoodfacts.org/product/5057753940317/tesco-oat-drink,2025-10-17,,,,,,
182,Pétillante Saveur Citron vert,"Lidl, Saguaro",20656942,Eau,1.0,0.0,0.0,0.0,4.0,0.01,0.0,0.0,0,0,B,,NOT-APPLICABLE,NON,0,,https://world.openfoodfacts.org/product/20656942/petillante-saveur-citron-vert-lidl,2025-10-17,,,,,,
183,cafe de cereales,Nestlé,7613036569927,Café,1522.0,359.0,0.0,5.2,72.0,0.18,5.0,7.7,0,1,B,,UNKNOWN,OUI,0,,https://world.openfoodfacts.org/product/7613036569927/cafe-de-cereales-nestle,2025-10-17,,,,,,
184,NESQUIK Poudre cacaotée boîte 1Kg + 20% offert,"Nestlé, Nesquik",7613036977869,Soda,1634.0,386.0,1.6,75.1,164.0,0.41,5.1,7.7,0,9,D,49.0,C,NON,2,"e322, e322i",https://world.openfoodfacts.org/product/7613036977869/nesquik-poudre-cacaotee-boite-1kg-20-offert-nestle,2025-10-17,,,,,,
185,Strawberries & Bananas,Innocent,5038862320108,Autre boisson,204.0,48.0,0.0,10.0,0.0,0.0,0.53,1.1,0,11,E,63.0,B,NON,0,,https://world.openfoodfacts.org/product/5038862320108/strawberries-bananas-innocent,2025-10-17,,,,,,
186,Blackcurrant Flavored Drink with Nata de Coco,Mogu Mogu,8850389115367,Eau,213.0,50.0,0.0,12.0,44.0,0.11,0.0,0.5,0,14,E,,NOT-APPLICABLE,NON,4,"e133, e211, e327, e330",https://world.openfoodfacts.org/product/8850389115367/blackcurrant-flavored-drink-with-nata-de-coco-mogu-mogu,2025-10-17,,,,,,
187,Aranciata Rossa (orange sanguine),"Nestlé, San Pellegrino",8002270506802,Soda,161.0,38.0,0.0,8.8,0.0,0.0,0.1,0.0,0,10,E,,NOT-APPLICABLE,NON,1,e290,https://world.openfoodfacts.org/product/8002270506802/aranciata-rossa-orange-sanguine-nestle,2025-10-17,,,,,,
188,Coca-Cola Original 0.5,Coca-Cola,59492573,Soda,180.0,42.0,0.0,10.6,0.0,0.0,0.0,0.0,0,12,E,,NOT-APPLICABLE,NON,3,"e150d, e290, e338",https://world.openfoodfacts.org/product/59492573/coca-cola-original-0-5,2025-10-17,,,,,,
189,Pj pomme pet 1l,Paquito,3250390880479,Jus de fruits,206.0,48.0,0.0,11.0,0.0,0.0,0.0,0.0,0,6,C,50.0,C,NON,0,,https://world.openfoodfacts.org/product/3250390880479/pj-pomme-pet-1l-paquito,2025-10-17,,,,,,
190,"Innocent myrtille, cassis, pomme, cranberry",Innocent,5038862139137,Jus de fruits,192.0,45.3,0.07,10.0,2.7,0.007,0.33,0.33,0,5,C,26.0,E,NON,0,,https://world.openfoodfacts.org/product/5038862139137/innocent-myrtille-cassis-pomme-cranberry,2025-10-17,,,,,,
191,Lemon juice,Aldi,4088600099071,Jus de fruits,84.0,20.0,0.1,0.5,4.0,0.01,0.5,0.5,0,-5,B,31.0,D,NON,1,e224,https://world.openfoodfacts.org/product/4088600099071/lemon-juice-aldi,2025-10-17,,,,,,
192,Tropico,Tropico,5449000012814,Soda,129.0,30.0,8.0,7.2,0.0,0.0,0.0,0.0,0,15,E,,NOT-APPLICABLE,NON,3,"e296, e300, e330",https://world.openfoodfacts.org/product/5449000012814/tropico,2025-10-17,,,,,,
193,Bebida Choco Avena,Hacendado,8402001014369,Autre boisson,185.0,44.0,0.3,2.4,60.0,0.15,1.2,1.0,0,9,D,52.0,C,NON,4,"e412, e418, e950, e955",https://world.openfoodfacts.org/product/8402001014369/avena-choco-hacendado,2025-10-17,,,,,,
194,Organic soya drink,Plenish,5060362072263,Autre boisson,132.0,32.0,0.3,0.0,0.0,0.0,3.2,0.6,0,-5,B,89.0,A,OUI,0,,https://world.openfoodfacts.org/product/5060362072263/organic-soya-drink-plenish,2025-10-17,,,,,,
195,Innocent Smooth Orange Juice,Innocent,5038862102704,Jus de fruits,149.0,35.0,0.1,7.8,4.0,0.01,0.7,0.7,0,8,D,51.0,C,NON,0,,https://world.openfoodfacts.org/product/5038862102704/innocent-smooth-orange-juice,2025-10-17,,,,,,
196,100% oranges sans pulpe,innocent,5038862162500,Jus de fruits,149.0,35.0,0.1,7.8,4.0,0.01,0.7,0.7,0,2,B,47.0,C,NON,0,,https://world.openfoodfacts.org/product/5038862162500/100-oranges-sans-pulpe-innocent,2025-10-17,,,,,,
197,Zumo pura naranja con pulpa,Hacendado,8480000390325,Jus de fruits,189.0,44.0,0.0,9.3,0.0,0.0,0.7,0.8,0,7,D,55.0,C,NON,0,,https://world.openfoodfacts.org/product/8480000390325/zumo-pura-naranja-con-pulpa-hacendado,2025-10-17,,,,,,
198,Red Bull Energy Drink,Red Bull,90162565,Boisson énergisante,195.0,46.0,0.0,11.0,40.0,0.1,0.0,0.0,0,12,E,,NOT-APPLICABLE,NON,1,e150a,https://world.openfoodfacts.org/product/90162565/red-bull-energy-drink,2025-10-17,,,,,,
199,Coconut milk,Freshona,4056489367611,Boisson lactée,731.0,177.0,16.0,1.8,12.0,0.03,1.5,0.8,0,18,E,63.0,B,NON,0,,https://world.openfoodfacts.org/product/4056489367611/coconut-milk-freshona,2025-10-17,,,,,,
200,Jus d'orange avec pulpe,Innocent,5038862160506,Jus de fruits,156.0,36.0,0.0,7.8,0.0,0.0,0.7,0.85,0,3,C,52.0,C,NON,0,,https://world.openfoodfacts.org/product/5038862160506/jus-d-orange-avec-pulpe-innocent,2025-10-17,,,,,,
201,Innocent jus ananas & fruit de la passion 900ml,Innocent,5038862166508,Jus de fruits,184.0,43.0,0.0,9.5,0.0,0.0,0.38,0.45,0,5,C,30.0,D,NON,0,,https://world.openfoodfacts.org/product/5038862166508/innocent-jus-ananas-fruit-de-la-passion-900ml,2025-10-17,,,,,,
202,Énergie Chérie,innocent,5038862130462,Jus de fruits,181.0,43.0,0.01,9.8,0.0,0.0,0.18,0.0,0,11,E,28.0,E,NON,0,,https://world.openfoodfacts.org/product/5038862130462/energie-cherie-innocent,2025-10-17,,,,,,
203,Yaourt à boire sucré aromatisé,YoplaitYop,3329770063273,Boisson lactée,277.0,65.0,0.5,10.4,48.0,0.12,3.0,0.0,0,9,D,31.0,D,NON,0,,https://world.openfoodfacts.org/product/3329770063273/yaourt-a-boire-sucre-aromatise-yoplaityop,2025-10-17,,,,,,
204,Coca-Cola,Coca-Cola,5000112638769,Soda,180.0,42.0,0.0,10.6,0.0,0.0,0.0,0.0,0,12,E,,NOT-APPLICABLE,NON,2,"e150d, e338",https://world.openfoodfacts.org/product/5000112638769/coca-cola,2025-10-17,,,,,,
205,Pepsi Zéro Sleek 33 cl,"Diet pepsi, Pepsi zero, Pepsico",3168930159742,Soda,2.0,0.4,0.0,0.0,4.0,0.01,0.0,0.0,0,4,C,,NOT-APPLICABLE,NON,6,"e150d, e330, e331, e338, e950, e951",https://world.openfoodfacts.org/product/3168930159742/pepsi-zero-sleek-33-cl-diet-pepsi,2025-10-17,,,,,,
206,Leche de coco,Dee Thai,8859585800152,Boisson lactée,680.0,165.0,15.0,2.5,60.0,0.15,0.5,0.5,0,16,E,63.0,B,NON,1,e466,https://world.openfoodfacts.org/product/8859585800152/leche-de-coco-dee-thai,2025-10-17,,,,,,
207,Coca Cola,Coca-Cola,5942321000060,Autre boisson,180.0,42.0,0.0,10.6,0.0,0.0,0.0,0.0,0,12,E,,UNKNOWN,NON,3,"e150d, e290, e338",https://world.openfoodfacts.org/product/5942321000060/coca-cola,2025-10-17,,,,,,
208,Boisson avoine BIO 1l,"Les Mousquetaires, Regain, Sélection des Mousquetaires",3250392243517,Boisson lactée,183.0,43.0,0.2,4.7,32.0,0.08,0.5,0.8,0,6,C,85.0,A,OUI,0,,https://world.openfoodfacts.org/product/3250392243517/boisson-avoine-bio-1l-les-mousquetaires,2025-10-17,,,,,,
209,Boisson avoine - 1L,"U, U Bio",3256223377406,Boisson lactée,182.0,43.0,0.2,5.0,32.0,0.08,0.5,0.8,0,6,C,82.0,A,OUI,0,,https://world.openfoodfacts.org/product/3256223377406/boisson-avoine-1l-u,2025-10-17,,,,,,
210,Eau Minérale Naturelle des Alpes,"Marque Repère, E.Leclerc, Leclerc",3564700126790,Eau,0.0,0.0,0.0,0.0,0.0,0.0,0.0,0.0,0,0,A,,NOT-APPLICABLE,NON,0,,https://world.openfoodfacts.org/product/3564700126790/eau-minerale-naturelle-des-alpes-marque-repere,2025-10-17,,,,,,
211,Organic Coconut Drink imp,Rude health,5060120282347,Boisson lactée,223.0,53.0,1.0,4.2,40.0,0.1,0.1,0.7,0,7,D,61.0,B,OUI,0,,https://world.openfoodfacts.org/product/5060120282347/organic-coconut-drink-imp-rude-health,2025-10-17,,,,,,
212,Cola,Coca-Cola,5449000017888,Soda,180.0,42.0,0.0,10.6,0.0,0.0,0.0,0.0,0,12,E,,NOT-APPLICABLE,NON,3,"e150d, e290, e338",https://world.openfoodfacts.org/product/5449000017888/cola-coca-cola,2025-10-17,,,,,,
213,"Sprite Zero 1,5L","Sprite, The Coca-Cola Company, Coca-Cola Europacific Partners DE",5449000110039,Soda,5.0,1.0,0.0,0.0,12.0,0.03,0.0,0.0,0,0,B,,NOT-APPLICABLE,NON,0,,https://world.openfoodfacts.org/product/5449000110039/sprite-zero-1-5l,2025-10-17,,,,,,
214,Raïbi,albane,6111265800183,Jus de fruits,301.0,72.0,0.7,9.2,0.0,0.0,2.3,0.0,0,11,E,18.0,E,NON,0,,https://world.openfoodfacts.org/product/6111265800183/raibi-albane,2025-10-17,,,,,,
215,Tasty Summer Fruits,Rocks,5023762000632,Soda,75.0,18.0,0.0,4.3,0.0,0.0,0.0,0.0,0,4,C,,NOT-APPLICABLE,NON,1,e330,https://world.openfoodfacts.org/product/5023762000632/tasty-summer-fruits-rocks,2025-10-17,,,,,,
216,Boisson soja nature BIO 1l,"Regain, Regain Bio",3250391318353,Autre boisson,168.0,40.0,0.4,0.4,2.4,0.006,3.9,0.5,0,-4,B,95.0,A-PLUS,OUI,0,,https://world.openfoodfacts.org/product/3250391318353/boisson-soja-nature-bio-1l-regain,2025-10-17,,,,,,
217,Tourtel 27.5 cl Tourtel Twist Lime 0.0 DEGRE ALCOOL,Tourtel twist,3080216050751,Autre boisson,132.0,32.0,0.0,5.3,4.0,0.01,0.2,0.0,0,6,C,41.0,D,NON,3,"e290, e330, e414",https://world.openfoodfacts.org/product/3080216050751/tourtel-27-5-cl-tourtel-twist-lime-0-0-degre-alcool,2025-10-17,,,,,,
218,Orangina,Orangina,3124480167026,Soda,175.0,41.0,0.0,9.6,4.0,0.01,0.1,0.0,0,9,D,,NOT-APPLICABLE,NON,1,e202,https://world.openfoodfacts.org/product/3124480167026/orangina,2025-10-17,,,,,,
219,Oatly! Bio Hafer/Oat,Oatly,7394376615894,Boisson lactée,166.0,39.0,0.1,3.4,40.0,0.1,1.1,0.8,0,5,C,81.0,A,OUI,0,,https://world.openfoodfacts.org/product/7394376615894/oatly-bio-hafer-oat,2025-10-17,,,,,,
220,Kefir,my milk,8034066307003,Boisson lactée,192.0,46.0,0.9,4.0,0.0,0.0,4.0,0.0,0,-1,B,,UNKNOWN,NON,0,,https://world.openfoodfacts.org/product/8034066307003/kefir-bianco-naturale-my-milk,2025-10-17,,,,,,
221,Volvic essentiel bio,Volvic,3057640514098,Eau,10.0,2.0,0.0,0.0,0.0,0.0,0.0,0.0,0,0,B,,NOT-APPLICABLE,OUI,0,,https://world.openfoodfacts.org/product/3057640514098/volvic-essentiel-bio,2025-10-17,,,,,,
222,Yaourt,Danone,6111032007685,Autre boisson,334.0,95.0,2.0,9.0,0.0,0.0,2.3,0.0,0,12,E,-20.0,F,NON,0,,https://world.openfoodfacts.org/product/6111032007685/yaourt-danone,2025-10-17,,,,,,
223,Aïn saïss citron citron vert,Aïn Saïs,6111128000224,Eau,85.1,20.3,0.0,0.0,0.0,0.0,0.0,0.0,0,1,B,,NOT-APPLICABLE,NON,0,,https://world.openfoodfacts.org/product/6111128000224/ain-saiss-citron-citron-vert-ain-sais,2025-10-17,,,,,,
224,Yakult original,Yakult,8713108000835,Boisson lactée,280.0,66.0,0.0,13.6,16.0,0.04,1.3,0.0,0,15,E,30.0,D,NON,0,,https://world.openfoodfacts.org/product/8713108000835/yakult-original,2025-10-17,,,,,,
225,"1,5L FRAISE VOLVIC","Danone,Volvic",3057640467233,Eau,83.0,20.0,0.0,4.9,4.0,0.01,0.5,0.0,0,4,C,,NOT-APPLICABLE,NON,0,,https://world.openfoodfacts.org/product/3057640467233/1-5l-fraise-volvic-danone,2025-10-17,,,,,,
226,Jus d'orange sans pulpe,innocent,5038862134729,Jus de fruits,149.0,35.0,0.1,7.8,4.0,0.01,0.7,0.7,0,2,B,52.0,C,NON,0,,https://world.openfoodfacts.org/product/5038862134729/jus-d-orange-sans-pulpe-innocent,2025-10-17,,,,,,
227,Aquarius Naranja,"Aquarius,The Coca-Cola Company",5449000033819,Autre boisson,81.0,19.0,0.0,4.5,20.0,0.05,0.0,0.0,0,8,D,,UNKNOWN,NON,8,"e296, e300, e330, e331, e414, e445, e950, e955",https://world.openfoodfacts.org/product/5449000033819/aquarius-naranja,2025-10-17,,,,,,
228,Coca-Cola Zero Zero,Coca-Cola,5449000169327,Soda,0.9,0.3,0.0,0.0,10.0,0.025,0.0,0.0,0,4,C,,NOT-APPLICABLE,NON,6,"e150d, e331, e338, e950, e951, e952",https://world.openfoodfacts.org/product/5449000169327/coca-cola-zero-azucar-zero-cafeina,2025-10-17,,,,,,
229,iKaffe,OAT-LY!,7394376616037,Boisson lactée,255.0,61.0,0.3,3.4,0.1,0.0,1.1,0.8,0,7,D,63.0,B,NON,2,"e340, e340ii",https://world.openfoodfacts.org/product/7394376616037/oat-ly-ikaffe-barista-edition,2025-10-17,,,,,,
230,"No Milk Hafer 3,5% Fett","Lidl, Vemondo",4056489708995,Boisson lactée,222.0,53.0,0.3,1.2,52.0,0.13,0.8,1.1,0,5,C,61.0,B,NON,4,"e170, e170i, e340, e418",https://world.openfoodfacts.org/product/4056489708995/no-milk-hafer-3-5-fett-lidl,2025-10-17,,,,,,
231,Kong Strong Wild Power Sugar Free,Lidl,20917609,Boisson énergisante,15.0,4.0,0.1,0.1,76.0,0.19,0.4,0.0,0,4,C,,NOT-APPLICABLE,NON,5,"e150a, e330, e331, e950, e951",https://world.openfoodfacts.org/product/20917609/kong-strong-wild-power-sugar-free-lidl,2025-10-17,,,,,,
232,"Alpro Fermentiertes Sojaprodukt, Heidelbeere, 500g",Alpro,5411188102809,Autre boisson,293.0,70.0,0.4,7.9,60.0,0.15,3.7,1.0,0,5,C,43.0,D,NON,4,"e304, e330, e331, e440",https://world.openfoodfacts.org/product/5411188102809/alpro-fermentiertes-sojaprodukt-heidelbeere-500g,2025-10-17,,,,,,
233,"Alpro Sojadrink, Banane 1L",Alpro,5411188116905,Boisson lactée,243.0,58.0,0.3,6.0,56.0,0.14,3.0,0.6,0,3,C,79.0,A,NON,2,"e340, e418",https://world.openfoodfacts.org/product/5411188116905/alpro-sojadrink-banane-1l,2025-10-17,,,,,,
234,JOKER LE BIO MULTIFRUIT 1L,Joker,3123349014433,Jus de fruits,167.0,40.0,0.0,8.6,0.0,0.0,0.0,0.0,0,4,C,46.0,C,OUI,0,,https://world.openfoodfacts.org/product/3123349014433/joker-le-bio-multifruit-1l,2025-10-17,,,,,,
235,Creamy oat,Oatly,7394376616587,Boisson lactée,601.0,145.0,1.6,3.6,44.0,0.11,0.9,0.8,0,14,E,62.0,B,NON,2,"e415, e472e",https://world.openfoodfacts.org/product/7394376616587/creamy-oat-oatly,2025-10-17,,,,,,
236,100% Pur Jus - Pomme,"CMI (Carrefour Marchandises Internationales), Carrefour, Groupe Carrefour",3560070275267,Jus de fruits,197.0,47.0,0.0,10.0,4.0,0.01,0.0,0.0,0,5,C,63.0,B,NON,0,,https://world.openfoodfacts.org/product/3560070275267/100-pur-jus-pomme-cmi-carrefour-marchandises-internationales,2025-10-17,,,,,,
237,Volvic Juicy Fraise,"Volvic,Volvic juicy",3057640458828,Eau,83.0,20.0,0.0,4.9,4.0,0.01,0.5,0.0,0,4,C,,NOT-APPLICABLE,NON,0,,https://world.openfoodfacts.org/product/3057640458828/volvic-juicy-fraise,2025-10-17,,,,,,
238,Le Fruit - Orange sans pulpe,Joker,3123340008288,Jus de fruits,178.0,42.0,0.0,8.7,4.0,0.01,0.6,0.0,0,4,C,84.0,A,NON,0,,https://world.openfoodfacts.org/product/3123340008288/le-fruit-orange-sans-pulpe-joker,2025-10-17,,,,,,
239,Sirop de grenadine,"Marque Repère, Frucci",3564700003169,Autre boisson,1438.0,338.0,0.1,85.0,4.0,0.01,0.5,0.5,0,12,E,95.0,A-PLUS,NON,1,e330,https://world.openfoodfacts.org/product/3564700003169/sirop-de-grenadine-marque-repere,2025-10-17,,,,,,
240,Super smoothie energy 750ml,Innocent,5038862239677,Autre boisson,224.0,53.0,0.0,10.0,0.0,0.0,1.5,1.4,0,5,C,43.0,D,NON,0,,https://world.openfoodfacts.org/product/5038862239677/super-smoothie-energy-750ml-innocent,2025-10-17,,,,,,
241,Acqua minerale naturale,Uliveto,8008490000021,Autre boisson,0.0,0.0,0.0,0.0,64.0,0.16,0.0,0.0,0,0,A,,NOT-APPLICABLE,NON,0,,https://world.openfoodfacts.org/product/8008490000021/acqua-minerale-naturale-uliveto,2025-10-17,,,,,,
242,[Coca-Cola] Carbonated softdrink with cola taste,The Coca-Cola Company,5000112651324,Soda,180.0,42.0,0.0,10.6,0.0,0.0,0.0,0.0,0,12,E,,NOT-APPLICABLE,NON,3,"e150d, e290, e338",https://world.openfoodfacts.org/product/5000112651324/coca-cola-carbonated-softdrink-with-cola-taste-the-coca-cola-company,2025-10-17,,,,,,
243,Coconut Milk,Aldi/Actileaf,4061459329001,Boisson lactée,106.0,25.0,1.0,2.5,51.0,0.128,0.3,0.2,0,4,C,58.0,C,NON,1,e418,https://world.openfoodfacts.org/product/4061459329001/coconut-milk-aldi-actileaf,2025-10-17,,,,,,
244,Bio-Haferdrink Natur,"My Vay, Aldi, DE-VAU-GE Gesundkostwerk, Mona Naturprodukte",4061459133271,Boisson lactée,170.0,40.0,0.1,4.2,32.0,0.08,0.7,0.5,0,6,C,83.0,A,OUI,0,,https://world.openfoodfacts.org/product/4061459133271/bio-haferdrink-natur-my-vay,2025-10-17,,,,,,
245,Bebida de avena calcio,Vemondo,20659318,Autre boisson,196.0,46.0,0.1,6.3,28.0,0.07,1.4,0.2,0,7,D,63.0,B,NON,1,e418,https://world.openfoodfacts.org/product/20659318/bebida-de-avena-calcio-vemondo,2025-10-17,,,,,,
246,100% pur jus orange sans pulpe,Paquito,3250390001287,Jus de fruits,187.0,43.0,0.1,8.5,4.0,0.01,0.7,0.5,0,4,C,43.0,D,NON,0,,https://world.openfoodfacts.org/product/3250390001287/100-pur-jus-orange-sans-pulpe-paquito,2025-10-17,,,,,,
247,Smooth Orange Juice,Tropicana,5022313729824,Jus de fruits,172.0,40.0,0.0,8.6,0.0,0.0,0.8,0.0,0,4,C,57.0,C,NON,0,,https://world.openfoodfacts.org/product/5022313729824/smooth-orange-juice-tropicana,2025-10-17,,,,,,
248,Schweppes,Schweppes,5449000046413,Soda,2.0,19.8,0.0,4.4,16.0,0.04,1.0,2.0,0,3,C,,NOT-APPLICABLE,NON,4,"e104, e202, e300, e414",https://world.openfoodfacts.org/product/5449000046413/schweppes,2025-10-17,,,,,,
249,NESQUIK Gout EXTRA CHOCO Poudre Cacaotée boîte 600g,"Nestlé, Nesquik, Nesquik extra choco",7613033214004,Soda,1588.0,376.0,2.2,66.8,152.0,0.38,7.0,10.6,0,8,D,52.0,C,NON,2,"e322, e322i",https://world.openfoodfacts.org/product/7613033214004/nesquik-gout-extra-choco-poudre-cacaotee-boite-600g-nestle,2025-10-17,,,,,,
250,Thé vert glacé saveur citron vert & menthe,FUZE TEA,5449000266002,Thé,79.0,19.0,0.0,4.4,20.0,0.05,0.0,0.0,0,8,D,62.0,B,NON,4,"e300, e330, e331, e960",https://world.openfoodfacts.org/product/5449000266002/the-vert-glace-saveur-citron-vert-menthe-fuze-tea,2025-10-17,,,,,,
251,Trip CBD Infused Elderflower Mint,Trip,5070000120706,Autre boisson,32.0,8.0,0.0,1.5,0.0,0.0,0.0,0.0,0,2,B,66.0,B,NON,2,"e330, e968",https://world.openfoodfacts.org/product/5070000120706/trip-cbd-infused-elderflower-mint,2025-10-17,,,,,,
252,Innocent smoothie for kids,Innocent,5038862634106,Autre boisson,210.0,50.0,0.1,10.0,4.0,0.01,0.5,0.6,0,7,D,44.0,D,NON,0,,https://world.openfoodfacts.org/product/5038862634106/innocent-smoothie-for-kids,2025-10-17,,,,,,
253,ALMOMD MILK,Rude health,5060120285744,Boisson lactée,236.0,56.0,0.3,4.7,32.0,0.08,0.2,0.0,0,7,D,57.0,C,NON,0,,https://world.openfoodfacts.org/product/5060120285744/almomd-milk-rude-health,2025-10-17,,,,,,
254,Préparation Citrons pressés,Andros,3045320104530,Autre boisson,180.0,43.0,0.0,10.0,8.0,0.02,0.2,0.4,0,11,E,53.0,C,NON,0,,https://world.openfoodfacts.org/product/3045320104530/pressed-lemons-andros,2025-10-17,,,,,,
255,"Pepsi 1,5L",Pepsi,3502110008329,Soda,78.0,18.0,0.0,4.6,0.0,0.0,0.0,0.0,0,8,D,,NOT-APPLICABLE,NON,4,"e150d, e338, e950, e955",https://world.openfoodfacts.org/product/3502110008329/pepsi-1-5l,2025-10-17,,,,,,
256,Coca Cola Zero Sugar,Coca Cola,5000112552232,Soda,2.3,1.0,0.0,0.0,20.0,0.05,0.0,0.0,0,4,C,,NOT-APPLICABLE,NON,7,"e150d, e290, e331, e338, e950, e951, e960c",https://world.openfoodfacts.org/product/5000112552232/zero-sugar-null-zucker-coca-cola,2025-10-17,,,,,,
257,Fanta tropical exotic,Fanta,5449000083142,Soda,176.0,41.3,0.0,10.1,0.0,0.0,0.0,0.0,0,12,E,,NOT-APPLICABLE,NON,3,"e160, e202, e330",https://world.openfoodfacts.org/product/5449000083142/fanta-tropical-exotic,2025-10-17,,,,,,
258,Nesquick,Nestlé,7610100088056,Soda,1634.0,386.0,1.6,75.1,56.0,0.14,5.1,7.7,0,9,D,54.0,C,NON,2,"e322, e322i",https://world.openfoodfacts.org/product/7610100088056/nesquick-nestle,2025-10-17,,,,,,
259,Coca-Cola sans sucres,Coca-Cola,90357473,Soda,1.4,0.3,0.0,0.0,8.0,0.02,0.0,0.0,0,4,C,,NOT-APPLICABLE,NON,5,"e150d, e331, e338, e950, e951",https://world.openfoodfacts.org/product/90357473/cola-zero-coca-cola,2025-10-17,,,,,,
260,SANPELLEGRINO Momenti boisson gazeuse aromatise clémentine pêche 33cl,"Nestlé, San Pellegrino, Momenti, Sanpellegrino",8002270666667,Eau,44.0,10.0,0.0,2.0,0.0,0.0,0.0,0.0,0,2,B,,NOT-APPLICABLE,NON,2,"e290, e330",https://world.openfoodfacts.org/product/8002270666667/sanpellegrino-momenti-boisson-gazeuse-aromatise-clementine-peche-33cl-nestle,2025-10-17,,,,,,
261,Fraise et Citron,Pulco,3124480183347,Autre boisson,220.0,52.0,0.0,11.6,4.0,0.01,0.1,0.0,0,20,E,42.0,D,NON,1,e330,https://world.openfoodfacts.org/product/3124480183347/fraise%F0%9F%8D%93-et-%F0%9F%8D%8B-pulco,2025-10-17,,,,,,
262,SOJA à la VANILLE,"Carrefour BIO, Carrefour",3245411157944,Boisson lactée,195.0,46.0,0.3,4.0,60.0,0.15,3.2,0.7,0,-1,B,101.0,A-PLUS,OUI,0,,https://world.openfoodfacts.org/product/3245411157944/soja-a-la-vanille-carrefour-bio,2025-10-17,,,,,,
263,coca cola,Coca-Cola,5000112548068,Soda,180.0,42.0,0.0,10.6,0.0,0.0,0.0,0.0,0,12,E,,NOT-APPLICABLE,NON,3,"e150d, e290, e338",https://world.openfoodfacts.org/product/5000112548068/coca-cola-original,2025-10-17,,,,,,
264,Thé vert menthe intense menthe verte & menthe poivrée,Lipton,8720608025657,Thé,17.0,4.0,0.0,0.0,0.0,0.0,0.0,0.0,0,0,B,100.0,A-PLUS,NON,0,,https://world.openfoodfacts.org/product/8720608025657/the-vert-menthe-intense-menthe-verte-menthe-poivree-lipton,2025-10-17,,,,,,
265,Le Lait Ribot,Paysan Breton,3218930156002,Boisson lactée,243.0,58.0,2.3,4.0,40.0,0.1,3.3,0.0,0,3,C,44.0,D,NON,0,,https://world.openfoodfacts.org/product/3218930156002/le-lait-ribot-paysan-breton,2025-10-17,,,,,,
266,Tropicana Pamplemousse rose 1 L,Tropicana,3502110004239,Jus de fruits,164.0,39.0,0.0,7.6,0.0,0.0,0.5,0.9,0,3,C,31.0,D,NON,0,,https://world.openfoodfacts.org/product/3502110004239/tropicana-pamplemousse-rose-1-l,2025-10-17,,,,,,
267,Soia,Alpro,5411188553304,Autre boisson,170.0,40.0,0.3,2.8,36.0,0.09,3.0,0.4,0,-1,B,80.0,A,NON,2,"e340, e418",https://world.openfoodfacts.org/product/5411188553304/soia-alpro,2025-10-17,,,,,,
268,"RICORE Noir Intense, Café & Chicorée, Boîte 240g","Nestlé, Ricore",7613034541239,Café,575.0,141.0,0.1,7.7,60.0,0.15,3.0,48.7,0,5,C,-20.0,F,NON,0,,https://world.openfoodfacts.org/product/7613034541239/ricore-noir-intense-cafe-chicoree-boite-240g-nestle,2025-10-17,,,,,,
269,Limonada natural light,Don Simón,8410261626802,Soda,97.0,23.0,0.0,5.6,4.0,0.01,0.1,0.0,0,10,E,,NOT-APPLICABLE,NON,1,e955,https://world.openfoodfacts.org/product/8410261626802/limonada-natural-light-don-simon,2025-10-17,,,,,,
270,Eau petillante,Saguaro,4056489105619,Eau,0.0,0.0,0.0,0.0,14.5,0.036,0.0,0.0,0,0,B,,NOT-APPLICABLE,NON,0,,https://world.openfoodfacts.org/product/4056489105619/eau-petillante-saguaro,2025-10-17,,,,,,
271,Haferdrink Natur,DmBio,4067796002003,Autre boisson,168.0,40.0,0.2,5.2,52.0,0.13,0.6,0.5,0,7,D,52.0,C,OUI,0,,https://world.openfoodfacts.org/product/4067796002003/haferdrink-natur-dmbio,2025-10-17,,,,,,
272,Coca-Cola,"Coca-Cola, Coca-Cola company, The Coca Cola Company",5000112545326,Soda,180.0,42.0,0.0,10.6,0.0,0.0,0.0,0.0,0,12,E,,NOT-APPLICABLE,NON,3,"e150d, e290, e338",https://world.openfoodfacts.org/product/5000112545326/coca-cola,2025-10-17,,,,,,
273,Hit Lean & Green Apple + Elderflower + Maté Tea + L-Carnitine,"LEAN&GREEN,Vit.Hit,Vithit",5034033000220,Autre boisson,31.0,7.0,0.1,1.3,4.0,0.01,0.5,0.5,0,6,C,,UNKNOWN,NON,8,"e141, e141i, e150d, e300, e330, e414, e445, e955",https://world.openfoodfacts.org/product/5034033000220/hit-lean-green-apple-elderflower-mate-tea-l-carnitine,2025-10-17,,,,,,
274,Innocent jus pomme & framboise 900ml,Innocent,5038862165501,Jus de fruits,181.0,42.7,0.0,9.33,0.0,0.0,0.19,0.67,0,5,C,30.0,D,NON,0,,https://world.openfoodfacts.org/product/5038862165501/innocent-jus-pomme-framboise-900ml,2025-10-17,,,,,,
275,Kefir,Milko,5900820001353,Boisson lactée,195.0,46.0,1.0,4.6,40.0,0.1,3.6,0.0,0,-1,B,,UNKNOWN,NON,0,,https://world.openfoodfacts.org/product/5900820001353/kefir-milko,2025-10-17,,,,,,
276,"Alpro Sojadrink, Barista 1L",DANONE AS,5411188115434,Autre boisson,177.0,42.0,0.3,2.5,40.0,0.1,3.3,0.6,0,-2,B,80.0,A,NON,4,"e170, e170i, e340, e418",https://world.openfoodfacts.org/product/5411188115434/alpro-barista-professional-soya-1l-danone-as,2025-10-17,,,,,,
277,AQUA CARPATICA,,5942326402272,Eau,0.0,0.0,0.0,0.0,2.8,0.007,0.0,0.0,0,0,B,,NOT-APPLICABLE,NON,0,,https://world.openfoodfacts.org/product/5942326402272/aqua-carpatica,2025-10-17,,,,,,
278,Lait saveur cacao,ENVIA,20527488,Soda,292.0,69.0,1.0,10.0,52.0,0.13,3.0,0.7,0,8,D,54.0,C,NON,4,"e331, e407, e460, e466",https://world.openfoodfacts.org/product/20527488/lait-saveur-cacao-envia,2025-10-17,,,,,,
279,CRISTALINE Eau de Source au jus de fruits FRAISE 50cl,Cristaline,3254381048343,Eau,67.0,16.0,0.0,3.7,0.0,0.0,0.0,0.0,0,4,C,,NOT-APPLICABLE,NON,1,e330,https://world.openfoodfacts.org/product/3254381048343/loading-cristaline,2025-10-17,,,,,,
280,Lait Demi-Ecrémé - Stérilisé UHT,"E.Leclerc, Eco +, Eco+, Leclerc",3450970102124,Boisson lactée,193.0,46.0,1.0,4.8,44.0,0.11,3.3,0.0,0,-1,B,60.0,B,NON,0,,https://world.openfoodfacts.org/product/3450970102124/lait-demi-ecreme-sterilise-uht-e-leclerc,2025-10-17,,,,,,
281,Pur jus de citron,"Carrefour BIO, Carrefour",3560070483471,Jus de fruits,116.0,27.0,0.0,2.0,0.0,0.0,0.0,0.0,0,-3,B,54.0,C,OUI,0,,https://world.openfoodfacts.org/product/3560070483471/pur-jus-de-citron-carrefour-bio,2025-10-17,,,,,,
282,apple juice,Innocent,5038862104708,Jus de fruits,180.0,45.0,0.0,9.5,0.0,0.0,0.2,0.5,0,7,D,58.0,C,NON,1,e300,https://world.openfoodfacts.org/product/5038862104708/apple-juice-innocent,2025-10-17,,,,,,
283,Lalla Khedidja,Cevital,6130234001161,Eau,0.0,0.0,0.0,0.0,0.6,0.001,0.0,0.0,0,0,A,,NOT-APPLICABLE,NON,0,,https://world.openfoodfacts.org/product/6130234001161/lalla-khedidja-cevital,2025-10-17,,,,,,
284,S.pellegrino,"Nestlé, San Pellegrino",8002270776823,Eau,3.0,1.0,0.0,0.0,4.0,0.01,0.0,0.0,0,0,B,,NOT-APPLICABLE,NON,0,,https://world.openfoodfacts.org/product/8002270776823/s-pellegrino-nestle,2025-10-17,,,,,,
285,Cranberry drink,Mcennedy,4056489651086,Jus de fruits,154.0,36.0,0.0,8.4,12.0,0.03,0.1,0.0,0,10,E,26.0,E,NON,0,,https://world.openfoodfacts.org/product/4056489651086/cranberry-drink-mcennedy,2025-10-17,,,,,,
286,Oatly Barista Organic Oat Drink,Oatly,7394376621673,Boisson lactée,248.0,59.0,0.3,2.2,40.0,0.1,1.0,0.7,0,7,D,77.0,A,OUI,2,"e501, e501i",https://world.openfoodfacts.org/product/7394376621673/oatly-barista-organic-oat-drink,2025-10-17,,,,,,
287,Unsweetened Soya,Sainsbury's,01550368,Boisson lactée,54.4,13.2,0.12,0.2,14.4,0.036,1.36,0.24,0,0,B,80.0,A,NON,1,e418,https://world.openfoodfacts.org/product/01550368/unsweetened-soya-sainsbury-s,2025-10-17,,,,,,
288,"NESCAFÉ NES, Café Soluble,",Nescafé,3033710076505,Café,484.0,118.0,0.1,3.1,120.0,0.3,7.8,34.1,0,0,B,14.0,F,NON,0,,https://world.openfoodfacts.org/product/3033710076505/nescafe-nes-cafe-soluble,2025-10-17,,,,,,
289,Tropicana Pommes pressées Pink Lady 1 L,Tropicana,3502110005670,Jus de fruits,198.0,47.0,0.0,11.0,0.0,0.0,0.1,0.6,0,8,D,54.0,C,NON,1,e300,https://world.openfoodfacts.org/product/3502110005670/tropicana-pommes-pressees-pink-lady-1-l,2025-10-17,,,,,,
